msisdn,grid_lat,grid_lon,kelurahan_name
6281219293050,-6.24175,106.96875,JAKA SAMPURNA
6281219293050,-6.21975,106.83225,KARET KUNINGAN
6281219293050,-6.24125,106.96975,JAKA SAMPURNA
